"Leaf_ID";"IDVar";"Water_treatment"
"4137_2022-06-01_HD";"V126";"WW"
"4136_2022-06-01_HD";"V126";"WD1"
"4134_2022-06-01_HD";"V126";"WD2"
"5626_2022-06-01_HD";"V728";"WW"
"5625_2022-06-01_HD";"V728";"WD1"
"5624_2022-06-01_HD";"V728";"WD2"
"6071_2022-06-01_HD";"V2318";"WW"
"6070_2022-06-01_HD";"V2318";"WD1"
"6076_2022-06-01_HD";"V2318";"WD2"
"6157_2022-06-01_HD";"V2503";"WW"
"6158_2022-06-01_HD";"V2503";"WD1"
"6151_2022-06-01_HD";"V2503";"WD2"
"5766_2022-07-11_HD";"V1266";"WW"
"5764_2022-07-11_HD";"V1266";"WD1"
"5763_2022-07-11_HD";"V1266";"WD2"
"5491_2022-06-01_HD";"V3381";"WW"
"5499_2022-06-01_HD";"V3381";"WD1"
"5495_2022-06-01_HD";"V3381";"WD2"
"5819_2022-06-01_HD";"V1365";"WW"
"5812_2022-06-01_HD";"V1365";"WD1"
"5813_2022-06-01_HD";"V1365";"WD2"
"4174_2022-06-01_HD";"V284";"WW"
"4177_2022-06-01_HD";"V284";"WD1"
"4170_2022-06-01_HD";"V284";"WD2"
"5688_2022-06-01_HD";"V791";"WW"
"5685_2022-06-01_HD";"V791";"WD1"
"5684_2022-06-01_HD";"V791";"WD2"
"4748_2022-06-01_HD";"V2112";"WW"
"4749_2022-06-01_HD";"V2112";"WD1"
"4743_2022-06-01_HD";"V2112";"WD2"
"5710_2022-06-01_HD";"V1186";"WW"
"5711_2022-06-01_HD";"V1186";"WD1"
"5714_2022-06-01_HD";"V1186";"WD2"
"6584_2022-06-14_calib";"V3433";"WW"
"6584_2022-06-01_HD";"V3433";"WW"
"6588_2022-06-14_calib";"V3433";"WD1"
"6588_2022-06-01_HD";"V3433";"WD1"
"6586_2022-06-14_calib";"V3433";"WD2"
"6586_2022-06-01_HD";"V3433";"WD2"
"6637_2022-06-14_calib";"V3464";"WW"
"6637_2022-06-24_HD";"V3464";"WW"
"6630_2022-06-14_calib";"V3464";"WD1"
"6630_2022-06-24_HD";"V3464";"WD1"
"6638_2022-06-14_calib";"V3464";"WD2"
"6638_2022-06-24_HD";"V3464";"WD2"
"4520_2022-06-14_calib";"V1314";"WW"
"4520_2022-06-01_HD";"V1314";"WW"
"4521_2022-06-14_calib";"V1314";"WD1"
"4521_2022-06-01_HD";"V1314";"WD1"
"4524_2022-06-14_calib";"V1314";"WD2"
"4524_2022-06-01_HD";"V1314";"WD2"
"5181_2022-06-14_calib";"V2944";"WW"
"5181_2022-06-01_HD";"V2944";"WW"
"5189_2022-06-14_calib";"V2944";"WD1"
"5189_2022-06-01_HD";"V2944";"WD1"
"5185_2022-06-14_calib";"V2944";"WD2"
"5185_2022-06-01_HD";"V2944";"WD2"
"5706_2022-06-14_calib";"V975";"WW"
"5706_2022-06-01_HD";"V975";"WW"
"5700_2022-06-14_calib";"V975";"WD1"
"5700_2022-06-01_HD";"V975";"WD1"
"5707_2022-06-14_calib";"V975";"WD2"
"5707_2022-06-01_HD";"V975";"WD2"
"6116_2022-06-14_calib";"V2460";"WW"
"6116_2022-06-01_HD";"V2460";"WW"
"6111_2022-06-14_calib";"V2460";"WD1"
"6111_2022-06-01_HD";"V2460";"WD1"
"6117_2022-06-14_calib";"V2460";"WD2"
"6117_2022-06-01_HD";"V2460";"WD2"
"6202_2022-06-14_calib";"V2628";"WW"
"6202_2022-06-09_HD";"V2628";"WW"
"6201_2022-06-14_calib";"V2628";"WD2"
"6201_2022-06-09_HD";"V2628";"WD2"
"5318_2022-06-14_calib";"V1563";"WW"
"5318_2022-06-09_HD";"V1563";"WW"
"5319_2022-06-14_calib";"V1563";"WD1"
"5319_2022-06-09_HD";"V1563";"WD1"
"5314_2022-06-14_calib";"V1563";"WD2"
"5314_2022-06-09_HD";"V1563";"WD2"
"4992_2022-06-14_calib";"V3061";"WW"
"4992_2022-06-09_HD";"V3061";"WW"
"4994_2022-06-14_calib";"V3061";"WD1"
"4994_2022-06-09_HD";"V3061";"WD1"
"4996_2022-06-14_calib";"V3061";"WD2"
"4996_2022-06-09_HD";"V3061";"WD2"
"5979_2022-06-07_HD";"V1744";"WW"
"5977_2022-06-07_HD";"V1744";"WD1"
"5976_2022-06-07_HD";"V1744";"WD2"
"4726_2022-06-07_HD";"V2074";"WW"
"4728_2022-06-07_HD";"V2074";"WD1"
"4722_2022-06-07_HD";"V2074";"WD2"
"6422_2022-06-07_HD";"V3216";"WW"
"6425_2022-06-07_HD";"V3216";"WD1"
"6420_2022-06-07_HD";"V3216";"WD2"
"4543_2022-07-11_HD";"V1483";"WW"
"4540_2022-07-11_HD";"V1483";"WD1"
"5631_2022-06-07_HD";"V735";"WW"
"5633_2022-06-07_HD";"V735";"WD1"
"5636_2022-06-07_HD";"V735";"WD2"
"5928_2022-06-07_HD";"V1667";"WW"
"5922_2022-06-07_HD";"V1667";"WD1"
"5925_2022-06-07_HD";"V1667";"WD2"
"5165_2022-06-07_HD";"V2774";"WW"
"5166_2022-06-07_HD";"V2774";"WD1"
"5167_2022-06-07_HD";"V2774";"WD2"
"4168_2022-06-24_HD";"V203";"WW"
"4162_2022-06-24_HD";"V203";"WD1"
"4165_2022-06-24_HD";"V203";"WD2"
"5410_2022-06-07_HD";"V2713";"WW"
"5411_2022-06-07_HD";"V2713";"WD1"
"5415_2022-06-07_HD";"V2713";"WD2"
"5459_2022-06-07_HD";"V3160";"WW"
"5455_2022-06-07_HD";"V3160";"WD1"
"5457_2022-06-07_HD";"V3160";"WD2"
"5175_2022-06-24_HD";"V2942";"WW"
"5177_2022-06-24_HD";"V2942";"WD1"
"5173_2022-06-24_HD";"V2942";"WD2"
"6024_2022-06-07_HD";"V2174";"WW"
"6028_2022-06-07_HD";"V2174";"WD1"
"6020_2022-06-07_HD";"V2174";"WD2"
"4443_2022-06-07_HD";"V261";"WW"
"4446_2022-06-07_HD";"V261";"WD1"
"4447_2022-06-07_HD";"V261";"WD2"
"4733_2022-06-07_HD";"V2104";"WW"
"4732_2022-06-07_HD";"V2104";"WD1"
"4734_2022-06-07_HD";"V2104";"WD2"
"6365_2022-06-07_HD";"V2991";"WW"
"6367_2022-06-07_HD";"V2991";"WD1"
"6366_2022-06-07_HD";"V2991";"WD2"
"4790_2022-06-07_HD";"V2304";"WW"
"4793_2022-06-07_HD";"V2304";"WD1"
"4796_2022-06-07_HD";"V2304";"WD2"
"6187_2022-06-07_HD";"V2597";"WW"
"6182_2022-06-07_HD";"V2597";"WD1"
"6188_2022-06-07_HD";"V2597";"WD2"
"4954_2022-06-30_HD";"V3376";"WW"
"4951_2022-06-30_HD";"V3376";"WD1"
"4950_2022-06-30_HD";"V3376";"WD2"
"5034_2022-06-07_HD";"V3148";"WW"
"5037_2022-06-07_HD";"V3148";"WD1"
"5036_2022-06-07_HD";"V3148";"WD2"
"5838_2022-06-07_HD";"V1531";"WW"
"5831_2022-06-07_HD";"V1531";"WD1"
"5839_2022-06-07_HD";"V1531";"WD2"
"5055_2022-06-07_HD";"V3159";"WW"
"5050_2022-06-07_HD";"V3159";"WD1"
"5053_2022-06-07_HD";"V3159";"WD2"
"6286_2022-06-24_HD";"V2725";"WW"
"6284_2022-06-24_HD";"V2725";"WD1"
"6283_2022-06-24_HD";"V2725";"WD2"
"7750_2022-06-27_HD";"V6858";"WD1"
"7745_2022-06-27_HD";"V6858";"WD2"
"4852_2022-06-07_HD";"V2418";"WW"
"4851_2022-06-07_HD";"V2418";"WD1"
"4858_2022-06-07_HD";"V2418";"WD2"
"5483_2022-06-07_HD";"V3380";"WW"
"5482_2022-06-07_HD";"V3380";"WD1"
"5484_2022-06-07_HD";"V3380";"WD2"
"4506_2022-06-07_HD";"V1227";"WW"
"4505_2022-06-07_HD";"V1227";"WD1"
"4508_2022-06-07_HD";"V1227";"WD2"
"5245_2022-06-07_HD";"V1237";"WW"
"5240_2022-06-07_HD";"V1237";"WD1"
"5246_2022-06-07_HD";"V1237";"WD2"
"5745_2022-06-07_HD";"V1221";"WW"
"5747_2022-06-07_HD";"V1221";"WD1"
"5749_2022-06-07_HD";"V1221";"WD2"
"6103_2022-07-11_HD";"V2348";"WW"
"6109_2022-07-11_HD";"V2348";"WD1"
"6101_2022-07-11_HD";"V2348";"WD2"
"5967_2022-06-07_HD";"V1719";"WW"
"5965_2022-06-07_HD";"V1719";"WD1"
"5964_2022-06-07_HD";"V1719";"WD2"
"5195_2022-06-07_HD";"V2982";"WW"
"5190_2022-06-07_HD";"V2982";"WD1"
"5196_2022-06-07_HD";"V2982";"WD2"
"4684_2022-06-07_HD";"V2013";"WD1"
"4683_2022-06-07_HD";"V2013";"WD2"
"5918_2022-06-07_HD";"V1662";"WW"
"5914_2022-06-07_HD";"V1662";"WD1"
"5691_2022-06-07_HD";"V830";"WW"
"5696_2022-06-07_HD";"V830";"WD1"
"5690_2022-06-07_HD";"V830";"WD2"
"4464_2022-06-07_HD";"V556";"WW"
"4468_2022-06-07_HD";"V556";"WD1"
"4467_2022-06-07_HD";"V556";"WD2"
"4587_2022-06-07_HD";"V1791";"WW"
"4582_2022-06-07_HD";"V1791";"WD1"
"4580_2022-06-07_HD";"V1791";"WD2"
"4823_2022-06-07_HD";"V2349";"WW"
"4820_2022-06-07_HD";"V2349";"WD1"
"4824_2022-06-07_HD";"V2349";"WD2"
"5323_2022-06-07_HD";"V1578";"WW"
"5327_2022-06-07_HD";"V1578";"WD1"
"5328_2022-06-07_HD";"V1578";"WD2"
"6167_2022-06-09_HD";"V2505";"WW"
"6161_2022-06-09_HD";"V2505";"WD1"
"6162_2022-06-09_HD";"V2505";"WD2"
"4696_2022-06-09_HD";"V2043";"WW"
"4698_2022-06-09_HD";"V2043";"WD1"
"4694_2022-06-09_HD";"V2043";"WD2"
"6598_2022-06-09_HD";"V3444";"WW"
"6591_2022-06-09_HD";"V3444";"WD1"
"6596_2022-06-09_HD";"V3444";"WD2"
"6674_2022-06-27_HD";"V3484";"WW"
"6676_2022-06-27_HD";"V3484";"WD1"
"6679_2022-06-27_HD";"V3484";"WD2"
"5384_2022-06-09_HD";"V1893";"WW"
"5383_2022-06-09_HD";"V1893";"WD1"
"5381_2022-06-09_HD";"V1893";"WD2"
"4190_2022-06-09_HD";"V329";"WW"
"4193_2022-06-09_HD";"V329";"WD1"
"4191_2022-06-09_HD";"V329";"WD2"
"6468_2022-06-09_HD";"V3240";"WW"
"6467_2022-06-09_HD";"V3240";"WD1"
"6465_2022-06-09_HD";"V3240";"WD2"
"6813_2022-06-09_HD";"V3005";"WW"
"6811_2022-06-09_HD";"V3005";"WD1"
"6814_2022-06-09_HD";"V3005";"WD2"
"4664_2022-06-09_HD";"V1992";"WW"
"4665_2022-06-09_HD";"V1992";"WD1"
"4666_2022-06-09_HD";"V1992";"WD2"
"5520_2022-07-11_HD";"V3509";"WW"
"5526_2022-07-11_HD";"V3509";"WD1"
"5529_2022-07-11_HD";"V3509";"WD2"
"4211_2022-06-27_HD";"V349";"WW"
"4213_2022-06-27_HD";"V349";"WD1"
"4217_2022-06-27_HD";"V349";"WD2"
"6332_2022-06-01_HD";"V2874";"WW"
"6336_2022-06-01_HD";"V2874";"WD1"
"6338_2022-06-01_HD";"V2874";"WD2"
"6082_2022-06-01_HD";"V2327";"WW"
"6089_2022-06-01_HD";"V2327";"WD1"
"6083_2022-06-01_HD";"V2327";"WD2"
"6031_2022-06-01_HD";"V2218";"WW"
"6034_2022-06-01_HD";"V2218";"WD1"
"6039_2022-06-01_HD";"V2218";"WD2"
"5228_2022-06-01_HD";"V1887";"WW"
"5226_2022-06-01_HD";"V1887";"WD1"
"5220_2022-06-01_HD";"V1887";"WD2"
"5957_2022-06-01_HD";"V1715";"WW"
"5956_2022-06-01_HD";"V1715";"WD1"
"5950_2022-06-01_HD";"V1715";"WD2"
"5653_2022-06-01_HD";"V746";"WW"
"5651_2022-06-01_HD";"V746";"WD1"
"5659_2022-06-01_HD";"V746";"WD2"
"4175_2022-06-03_HD";"V284";"WW"
"4173_2022-06-03_HD";"V284";"WD1"
"4178_2022-06-03_HD";"V284";"WD2"
"6205_2022-06-03_HD";"V2628";"WW"
"6208_2022-06-03_HD";"V2628";"WD1"
"6206_2022-06-03_HD";"V2628";"WD2"
"5224_2022-06-03_HD";"V1887";"WW"
"5223_2022-06-03_HD";"V1887";"WD1"
"5225_2022-06-03_HD";"V1887";"WD2"
"4502_2022-06-03_HD";"V1227";"WW"
"4500_2022-06-03_HD";"V1227";"WD1"
"4504_2022-06-03_HD";"V1227";"WD2"
"6281_2022-06-24_HD";"V2725";"WW"
"6285_2022-06-24_HD";"V2725";"WD1"
"6287_2022-06-24_HD";"V2725";"WD2"
"5712_2022-06-03_HD";"V1186";"WW"
"5713_2022-06-03_HD";"V1186";"WD1"
"5717_2022-06-03_HD";"V1186";"WD2"
"5172_2022-06-24_HD";"V2942";"WW"
"5178_2022-06-24_HD";"V2942";"WD1"
"5174_2022-06-24_HD";"V2942";"WD2"
"5480_2022-06-03_HD";"V3380";"WW"
"5485_2022-06-03_HD";"V3380";"WD1"
"5488_2022-06-03_HD";"V3380";"WD2"
"5052_2022-06-03_HD";"V3159";"WW"
"5057_2022-06-03_HD";"V3159";"WD1"
"5058_2022-06-03_HD";"V3159";"WD2"
"5817_2022-06-03_HD";"V1365";"WW"
"5814_2022-06-03_HD";"V1365";"WD1"
"5815_2022-06-03_HD";"V1365";"WD2"
"4740_2022-06-03_HD";"V2112";"WW"
"4746_2022-06-03_HD";"V2112";"WD1"
"4742_2022-06-03_HD";"V2112";"WD2"
"5199_2022-06-03_HD";"V2982";"WW"
"5191_2022-06-03_HD";"V2982";"WD1"
"5192_2022-06-03_HD";"V2982";"WD2"
"4827_2022-06-03_HD";"V2349";"WW"
"4829_2022-06-03_HD";"V2349";"WD1"
"4828_2022-06-03_HD";"V2349";"WD2"
"6427_2022-06-03_HD";"V3216";"WW"
"6429_2022-06-03_HD";"V3216";"WD1"
"6421_2022-06-03_HD";"V3216";"WD2"
"6810_2022-06-03_HD";"V3005";"WW"
"6381_2022-06-03_HD";"V3005";"WD1"
"6385_2022-06-03_HD";"V3005";"WD2"
"4583_2022-06-03_HD";"V1791";"WW"
"4589_2022-06-03_HD";"V1791";"WD1"
"4581_2022-06-03_HD";"V1791";"WD2"
"5657_2022-06-03_HD";"V746";"WW"
"5654_2022-06-03_HD";"V746";"WD1"
"5650_2022-06-03_HD";"V746";"WD2"
"6081_2022-06-03_HD";"V2327";"WW"
"6086_2022-06-03_HD";"V2327";"WD1"
"6080_2022-06-03_HD";"V2327";"WD2"
"5038_2022-06-09_HD";"V3148";"WW"
"5035_2022-06-09_HD";"V3148";"WD1"
"5033_2022-06-09_HD";"V3148";"WD2"
"4130_2022-06-02_HD";"V126";"WW"
"4132_2022-06-02_HD";"V126";"WD1"
"4139_2022-06-02_HD";"V126";"WD2"
"4218_2022-06-27_HD";"V349";"WW"
"4214_2022-06-27_HD";"V349";"WD1"
"4216_2022-06-27_HD";"V349";"WD2"
"6368_2022-06-02_HD";"V2991";"WW"
"6363_2022-06-02_HD";"V2991";"WD1"
"6369_2022-06-02_HD";"V2991";"WD2"
"5969_2022-06-02_HD";"V1719";"WW"
"5960_2022-06-02_HD";"V1719";"WD1"
"5963_2022-06-02_HD";"V1719";"WD2"
"6169_2022-06-02_HD";"V2505";"WW"
"6166_2022-06-02_HD";"V2505";"WD1"
"6168_2022-06-02_HD";"V2505";"WD2"
"4465_2022-06-02_HD";"V556";"WW"
"4466_2022-06-02_HD";"V556";"WD1"
"4469_2022-06-02_HD";"V556";"WD2"
"5761_2022-07-11_HD";"V1266";"WW"
"5762_2022-07-11_HD";"V1266";"WD1"
"5767_2022-07-11_HD";"V1266";"WD2"
"5978_2022-06-02_HD";"V1744";"WW"
"5970_2022-06-02_HD";"V1744";"WD1"
"5975_2022-06-02_HD";"V1744";"WD2"
"4541_2022-07-11_HD";"V1483";"WW"
"5709_2022-06-02_HD";"V975";"WW"
"5705_2022-06-02_HD";"V975";"WD1"
"5708_2022-06-02_HD";"V975";"WD2"
"5632_2022-06-02_HD";"V735";"WW"
"5630_2022-06-02_HD";"V735";"WD1"
"5634_2022-06-02_HD";"V735";"WD2"
"5523_2022-07-11_HD";"V3509";"WW"
"5527_2022-07-11_HD";"V3509";"WD1"
"5528_2022-07-11_HD";"V3509";"WD2"
"5832_2022-06-02_HD";"V1531";"WW"
"5830_2022-06-02_HD";"V1531";"WD1"
"5834_2022-06-02_HD";"V1531";"WD2"
"4791_2022-06-02_HD";"V2304";"WW"
"4798_2022-06-02_HD";"V2304";"WD1"
"4799_2022-06-02_HD";"V2304";"WD2"
"6104_2022-07-11_HD";"V2348";"WW"
"6102_2022-07-11_HD";"V2348";"WD1"
"6107_2022-07-11_HD";"V2348";"WD2"
"6597_2022-06-02_HD";"V3444";"WW"
"6595_2022-06-02_HD";"V3444";"WD1"
"6592_2022-06-02_HD";"V3444";"WD2"
"4169_2022-06-27_HD";"V203";"WW"
"4164_2022-06-27_HD";"V203";"WD1"
"4167_2022-06-27_HD";"V203";"WD2"
"4695_2022-06-02_HD";"V2043";"WW"
"4693_2022-06-02_HD";"V2043";"WD1"
"4692_2022-06-02_HD";"V2043";"WD2"
"6585_2022-06-02_HD";"V3433";"WW"
"6582_2022-06-02_HD";"V3433";"WD1"
"6581_2022-06-02_HD";"V3433";"WD2"
"5247_2022-06-02_HD";"V1237";"WW"
"5243_2022-06-02_HD";"V1237";"WD1"
"5242_2022-06-02_HD";"V1237";"WD2"
"5744_2022-06-02_HD";"V1221";"WW"
"5740_2022-06-02_HD";"V1221";"WD1"
"5743_2022-06-02_HD";"V1221";"WD2"
"4724_2022-06-02_HD";"V2074";"WW"
"4723_2022-06-02_HD";"V2074";"WD1"
"4721_2022-06-02_HD";"V2074";"WD2"
"6153_2022-06-02_HD";"V2503";"WW"
"6156_2022-06-02_HD";"V2503";"WD1"
"6150_2022-06-02_HD";"V2503";"WD2"
"5494_2022-06-02_HD";"V3381";"WW"
"5492_2022-06-02_HD";"V3381";"WD1"
"5497_2022-06-02_HD";"V3381";"WD2"
"5387_2022-06-02_HD";"V1893";"WW"
"5380_2022-06-02_HD";"V1893";"WD1"
"5382_2022-06-02_HD";"V1893";"WD2"
"6460_2022-06-02_HD";"V3240";"WW"
"6469_2022-06-02_HD";"V3240";"WD1"
"6464_2022-06-02_HD";"V3240";"WD2"
"5163_2022-06-02_HD";"V2774";"WW"
"5162_2022-06-02_HD";"V2774";"WD1"
"5168_2022-06-02_HD";"V2774";"WD2"
"6030_2022-06-02_HD";"V2218";"WW"
"6033_2022-06-02_HD";"V2218";"WD1"
"6037_2022-06-02_HD";"V2218";"WD2"
"4685_2022-06-02_HD";"V2013";"WW"
"4689_2022-06-02_HD";"V2013";"WD1"
"4680_2022-06-02_HD";"V2013";"WD2"
"5959_2022-06-02_HD";"V1715";"WW"
"5958_2022-06-02_HD";"V1715";"WD1"
"5951_2022-06-02_HD";"V1715";"WD2"
"7786_2022-06-27_HD";"V6860";"WW"
"7782_2022-06-27_HD";"V6860";"WD1"
"7790_2022-06-27_HD";"V6860";"WD2"
"5694_2022-06-09_HD";"V830";"WW"
"5695_2022-06-09_HD";"V830";"WD1"
"5692_2022-06-09_HD";"V830";"WD2"
"5317_2022-06-03_HD";"V1563";"WW"
"5310_2022-06-03_HD";"V1563";"WD1"
"5315_2022-06-03_HD";"V1563";"WD2"
"4663_2022-06-03_HD";"V1992";"WW"
"4669_2022-06-03_HD";"V1992";"WD1"
"4668_2022-06-03_HD";"V1992";"WD2"
"5910_2022-06-03_HD";"V1662";"WW"
"5912_2022-06-03_HD";"V1662";"WD1"
"5913_2022-06-03_HD";"V1662";"WD2"
"6186_2022-06-03_HD";"V2597";"WW"
"6185_2022-06-03_HD";"V2597";"WD1"
"6180_2022-06-03_HD";"V2597";"WD2"
"5413_2022-06-03_HD";"V2713";"WW"
"5416_2022-06-03_HD";"V2713";"WD1"
"5419_2022-06-03_HD";"V2713";"WD2"
"5620_2022-06-03_HD";"V728";"WW"
"5621_2022-06-03_HD";"V728";"WD1"
"5627_2022-06-03_HD";"V728";"WD2"
"4990_2022-06-03_HD";"V3061";"WW"
"4997_2022-06-03_HD";"V3061";"WD1"
"4998_2022-06-03_HD";"V3061";"WD2"
"4198_2022-06-03_HD";"V329";"WW"
"4197_2022-06-03_HD";"V329";"WD1"
"4192_2022-06-03_HD";"V329";"WD2"
"5183_2022-06-03_HD";"V2944";"WW"
"5180_2022-06-03_HD";"V2944";"WD1"
"5182_2022-06-03_HD";"V2944";"WD2"
"4445_2022-06-03_HD";"V261";"WW"
"4448_2022-06-03_HD";"V261";"WD1"
"4449_2022-06-03_HD";"V261";"WD2"
"6634_2022-06-27_HD";"V3464";"WW"
"6635_2022-06-27_HD";"V3464";"WD1"
"6631_2022-06-27_HD";"V3464";"WD2"
"6075_2022-06-03_HD";"V2318";"WW"
"6078_2022-06-03_HD";"V2318";"WD1"
"6072_2022-06-03_HD";"V2318";"WD2"
"5326_2022-06-03_HD";"V1578";"WW"
"5321_2022-06-03_HD";"V1578";"WD1"
"5324_2022-06-03_HD";"V1578";"WD2"
"5926_2022-06-03_HD";"V1667";"WW"
"5923_2022-06-03_HD";"V1667";"WD1"
"5920_2022-06-03_HD";"V1667";"WD2"
"7749_2022-06-27_HD";"V6858";"WW"
"7754_2022-06-27_HD";"V6858";"WD1"
"7742_2022-06-27_HD";"V6858";"WD2"
"4523_2022-06-03_HD";"V1314";"WW"
"4528_2022-06-03_HD";"V1314";"WD1"
"4522_2022-06-03_HD";"V1314";"WD2"
"4730_2022-06-03_HD";"V2104";"WW"
"4739_2022-06-03_HD";"V2104";"WD1"
"4737_2022-06-03_HD";"V2104";"WD2"
"5452_2022-06-03_HD";"V3160";"WW"
"5456_2022-06-03_HD";"V3160";"WD1"
"5458_2022-06-03_HD";"V3160";"WD2"
"4855_2022-06-02_HD";"V2418";"WW"
"4856_2022-06-02_HD";"V2418";"WD1"
"4853_2022-06-02_HD";"V2418";"WD2"
"6333_2022-06-02_HD";"V2874";"WW"
"6335_2022-06-02_HD";"V2874";"WD1"
"6337_2022-06-02_HD";"V2874";"WD2"
"6118_2022-06-02_HD";"V2460";"WW"
"6112_2022-06-02_HD";"V2460";"WD1"
"6115_2022-06-02_HD";"V2460";"WD2"
"5682_2022-06-02_HD";"V791";"WW"
"5686_2022-06-02_HD";"V791";"WD1"
"5689_2022-06-02_HD";"V791";"WD2"
"6029_2022-06-02_HD";"V2174";"WW"
"6023_2022-06-02_HD";"V2174";"WD1"
"6021_2022-06-02_HD";"V2174";"WD2"
"6677_2022-06-27_HD";"V3484";"WW"
"6672_2022-06-27_HD";"V3484";"WD1"
"6673_2022-06-27_HD";"V3484";"WD2"
"4062_2022-06-02_HD";"V43";"WW"
"4064_2022-06-02_HD";"V43";"WD1"
"4061_2022-06-02_HD";"V43";"WD2"
"7768_2022-07-11_HD";"V6863";"WW"
"7775_2022-07-11_HD";"V6863";"WD1"
"7762_2022-07-11_HD";"V6863";"WD2"
"5447_2022-06-27_HD";"V3009";"WW"
"5445_2022-06-27_HD";"V3009";"WD1"
"5442_2022-06-27_HD";"V3009";"WD2"
"6618_2022-07-05_HD";"V3455";"WW"
"6617_2022-07-05_HD";"V3455";"WD1"
"6611_2022-07-05_HD";"V3455";"WD2"
"6476_2022-07-11_HD";"V3262";"WW"
"6474_2022-07-11_HD";"V3262";"WD1"
"6478_2022-07-11_HD";"V3262";"WD2"
"4368_2022-07-05_HD";"V613";"WW"
"4360_2022-07-05_HD";"V613";"WD1"
"4365_2022-07-05_HD";"V613";"WD2"
"5662_2022-06-27_HD";"V749";"WW"
"5665_2022-06-27_HD";"V749";"WD1"
"5666_2022-06-27_HD";"V749";"WD2"
"4124_2022-06-20_HD";"V124";"WW"
"4124_2022-06-27_HD";"V124";"WW"
"4123_2022-06-20_HD";"V124";"WD1"
"4123_2022-06-27_HD";"V124";"WD1"
"4127_2022-06-20_HD";"V124";"WD2"
"4127_2022-06-27_HD";"V124";"WD2"
"7726_2022-07-26_HD";"V6857";"WW"
"7724_2022-07-26_HD";"V6857";"WD1"
"4836_2022-07-05_HD";"V2371";"WW"
"4830_2022-07-05_HD";"V2371";"WD1"
"4835_2022-07-05_HD";"V2371";"WD2"
"5143_2022-07-05_HD";"V1888";"WW"
"5147_2022-07-05_HD";"V1888";"WD1"
"5149_2022-07-05_HD";"V1888";"WD2"
"6259_2022-06-27_HD";"V2665";"WW"
"6251_2022-06-27_HD";"V2665";"WD1"
"6256_2022-06-27_HD";"V2665";"WD2"
"5872_2022-06-27_HD";"V1636";"WW"
"5873_2022-06-27_HD";"V1636";"WD1"
"5878_2022-06-27_HD";"V1636";"WD2"
"5777_2022-06-27_HD";"V1277";"WW"
"5771_2022-06-27_HD";"V1277";"WD1"
"5778_2022-06-27_HD";"V1277";"WD2"
"5404_2022-07-07_HD";"V1972";"WW"
"5403_2022-07-07_HD";"V1972";"WD1"
"5401_2022-07-07_HD";"V1972";"WD2"
"6000_2022-06-27_HD";"V1769";"WW"
"6005_2022-06-27_HD";"V1769";"WD1"
"6003_2022-06-27_HD";"V1769";"WD2"
"4472_2022-07-07_HD";"V577";"WW"
"4473_2022-07-07_HD";"V577";"WD1"
"4477_2022-07-07_HD";"V577";"WD2"
"4949_2022-07-07_HD";"V3181";"WW"
"4949_2022-07-11_HD";"V3181";"WW"
"4943_2022-07-07_HD";"V3181";"WD1"
"4943_2022-07-11_HD";"V3181";"WD1"
"4946_2022-07-07_HD";"V3181";"WD2"
"4946_2022-07-11_HD";"V3181";"WD2"
"4915_2022-07-07_HD";"V3016";"WW"
"4910_2022-07-07_HD";"V3016";"WD1"
"4913_2022-07-07_HD";"V3016";"WD2"
"4650_2022-07-07_HD";"V257";"WW"
"4654_2022-07-07_HD";"V257";"WD1"
"4657_2022-07-07_HD";"V257";"WD2"
"6306_2022-06-20_HD";"V2842";"WW"
"6306_2022-06-27_HD";"V2842";"WW"
"6300_2022-06-20_HD";"V2842";"WD1"
"6300_2022-06-27_HD";"V2842";"WD1"
"6305_2022-06-20_HD";"V2842";"WD2"
"6305_2022-06-27_HD";"V2842";"WD2"
"4897_2022-07-05_HD";"V2902";"WW"
"4893_2022-07-05_HD";"V2902";"WD1"
"4892_2022-07-05_HD";"V2902";"WD2"
"4765_2022-06-24_HD";"V2279";"WW"
"4760_2022-06-24_HD";"V2279";"WD1"
"4766_2022-06-24_HD";"V2279";"WD2"
"6797_2022-07-11_HD";"V3657";"WW"
"6795_2022-07-11_HD";"V3657";"WD1"
"6794_2022-07-11_HD";"V3657";"WD2"
"4932_2022-07-05_HD";"V3176";"WW"
"4935_2022-07-05_HD";"V3176";"WD2"
"6681_2022-06-24_HD";"V3499";"WW"
"6683_2022-06-24_HD";"V3499";"WD1"
"6686_2022-06-24_HD";"V3499";"WD2"
"6839_2022-06-24_HD";"V1628";"WW"
"4579_2022-06-24_HD";"V1628";"WD1"
"4572_2022-06-24_HD";"V1628";"WD2"
"6374_2022-06-24_HD";"V3000";"WW"
"6378_2022-06-24_HD";"V3000";"WD1"
"6372_2022-06-24_HD";"V3000";"WD2"
"5998_2022-06-24_HD";"V1766";"WW"
"5999_2022-06-24_HD";"V1766";"WD1"
"5995_2022-06-24_HD";"V1766";"WD2"
"5432_2022-07-05_HD";"V2972";"WW"
"5436_2022-07-05_HD";"V2972";"WD1"
"5434_2022-07-05_HD";"V2972";"WD2"
"5087_2022-07-05_HD";"V3353";"WW"
"5082_2022-07-05_HD";"V3353";"WD1"
"5085_2022-07-05_HD";"V3353";"WD2"
"5661_2022-06-24_HD";"V749";"WW"
"5668_2022-06-24_HD";"V749";"WD1"
"5660_2022-06-24_HD";"V749";"WD2"
"6304_2022-06-24_HD";"V2842";"WW"
"6301_2022-06-24_HD";"V2842";"WD1"
"6302_2022-06-24_HD";"V2842";"WD2"
"7765_2022-07-11_HD";"V6863";"WW"
"7773_2022-07-11_HD";"V6863";"WD1"
"7767_2022-07-11_HD";"V6863";"WD2"
"6614_2022-06-30_HD";"V3455";"WW"
"6616_2022-06-30_HD";"V3455";"WD1"
"6610_2022-06-30_HD";"V3455";"WD2"
"4126_2022-06-24_HD";"V124";"WW"
"4120_2022-06-24_HD";"V124";"WD1"
"4129_2022-06-24_HD";"V124";"WD2"
"4933_2022-06-30_HD";"V3176";"WW"
"4938_2022-06-30_HD";"V3176";"WD1"
"4937_2022-06-30_HD";"V3176";"WD2"
"4363_2022-07-11_HD";"V613";"WW"
"4367_2022-07-11_HD";"V613";"WD1"
"4364_2022-07-11_HD";"V613";"WD2"
"5430_2022-07-11_HD";"V2972";"WW"
"5433_2022-07-11_HD";"V2972";"WD1"
"5431_2022-07-11_HD";"V2972";"WD2"
"5997_2022-06-24_HD";"V1766";"WW"
"5994_2022-06-24_HD";"V1766";"WD1"
"5991_2022-06-24_HD";"V1766";"WD2"
"5086_2022-06-30_HD";"V3353";"WW"
"5084_2022-06-30_HD";"V3353";"WD1"
"5083_2022-06-30_HD";"V3353";"WD2"
"7734_2022-07-26_HD";"V6857";"WW"
"7738_2022-07-26_HD";"V6857";"WD1"
"6373_2022-06-24_HD";"V3000";"WW"
"6377_2022-06-24_HD";"V3000";"WD1"
"6370_2022-06-24_HD";"V3000";"WD2"
"4837_2022-07-05_HD";"V2371";"WW"
"4834_2022-07-05_HD";"V2371";"WD1"
"4914_2022-07-05_HD";"V3016";"WW"
"4912_2022-07-05_HD";"V3016";"WD1"
"4911_2022-07-05_HD";"V3016";"WD2"
"5444_2022-06-24_HD";"V3009";"WW"
"5440_2022-06-24_HD";"V3009";"WD1"
"5448_2022-06-24_HD";"V3009";"WD2"
"4768_2022-06-24_HD";"V2279";"WW"
"4764_2022-06-24_HD";"V2279";"WD1"
"4761_2022-06-24_HD";"V2279";"WD2"
"5142_2022-07-05_HD";"V1888";"WW"
"5140_2022-07-05_HD";"V1888";"WD1"
"5141_2022-07-05_HD";"V1888";"WD2"
"5871_2022-07-05_HD";"V1636";"WW"
"5870_2022-07-05_HD";"V1636";"WD1"
"5875_2022-07-05_HD";"V1636";"WD2"
"6684_2022-06-24_HD";"V3499";"WW"
"6688_2022-06-24_HD";"V3499";"WD1"
"6682_2022-06-24_HD";"V3499";"WD2"
"6008_2022-06-24_HD";"V1769";"WW"
"6001_2022-06-24_HD";"V1769";"WD1"
"6002_2022-06-24_HD";"V1769";"WD2"
"6796_2022-07-11_HD";"V3657";"WW"
"6790_2022-07-11_HD";"V3657";"WD1"
"6792_2022-07-11_HD";"V3657";"WD2"
"4474_2022-06-30_HD";"V577";"WW"
"4475_2022-06-30_HD";"V577";"WD1"
"4479_2022-06-30_HD";"V577";"WD2"
"4894_2022-06-30_HD";"V2902";"WW"
"4898_2022-06-30_HD";"V2902";"WD1"
"4891_2022-06-30_HD";"V2902";"WD2"
"4658_2022-06-30_HD";"V257";"WW"
"4651_2022-06-30_HD";"V257";"WD1"
"4656_2022-06-30_HD";"V257";"WD2"
"5400_2022-06-30_HD";"V1972";"WW"
"5407_2022-06-30_HD";"V1972";"WD1"
"5402_2022-06-30_HD";"V1972";"WD2"
"6837_2022-06-24_HD";"V1628";"WW"
"4578_2022-06-24_HD";"V1628";"WD1"
"4570_2022-06-24_HD";"V1628";"WD2"
"4944_2022-07-11_HD";"V3181";"WW"
"4940_2022-07-11_HD";"V3181";"WD1"
"4942_2022-07-11_HD";"V3181";"WD2"
"6258_2022-07-07_HD";"V2665";"WW"
"6255_2022-07-07_HD";"V2665";"WD1"
"6254_2022-07-07_HD";"V2665";"WD2"
"6477_2022-07-11_HD";"V3262";"WW"
"6473_2022-07-11_HD";"V3262";"WD1"
"6471_2022-07-11_HD";"V3262";"WD2"
"5774_2022-06-24_HD";"V1277";"WW"
"5770_2022-06-24_HD";"V1277";"WD1"
"5776_2022-06-24_HD";"V1277";"WD2"
"6542_2022-07-12_HD";"V3316";"WW"
"6546_2022-07-12_HD";"V3316";"WD1"
"6543_2022-07-12_HD";"V3316";"WD2"
"5501_2022-06-14_HD";"V3412";"WW"
"5506_2022-06-14_HD";"V3412";"WD1"
"5503_2022-06-14_HD";"V3412";"WD2"
"4604_2022-07-06_HD";"V139";"WW"
"6537_2022-07-06_calib";"V3310";"WW"
"6537_2022-07-12_HD";"V3310";"WW"
"6535_2022-07-06_calib";"V3310";"WD1"
"6535_2022-07-12_HD";"V3310";"WD1"
"6539_2022-07-06_calib";"V3310";"WD2"
"6539_2022-07-12_HD";"V3310";"WD2"
"6753_2022-06-30_HD";"V3602";"WW"
"6754_2022-06-30_HD";"V3602";"WD1"
"6758_2022-06-30_HD";"V3602";"WD2"
"4432_2022-07-06_calib";"V252";"WW"
"4432_2022-07-12_HD";"V252";"WW"
"4439_2022-07-06_calib";"V252";"WD1"
"4439_2022-07-12_HD";"V252";"WD1"
"4438_2022-07-12_HD";"V252";"WD2"
"4269_2022-07-06_calib";"V403";"WW"
"4269_2022-07-12_HD";"V403";"WW"
"4260_2022-07-06_calib";"V403";"WD1"
"4260_2022-07-12_HD";"V403";"WD1"
"4261_2022-07-06_calib";"V403";"WD2"
"4261_2022-07-12_HD";"V403";"WD2"
"5671_2022-07-06_calib";"V789";"WW"
"5671_2022-07-12_HD";"V789";"WW"
"5673_2022-07-06_calib";"V789";"WD1"
"5673_2022-07-12_HD";"V789";"WD1"
"5679_2022-07-06_calib";"V789";"WD2"
"5679_2022-07-12_HD";"V789";"WD2"
"4967_2022-07-06_calib";"V1801";"WW"
"4967_2022-07-06_HD";"V1801";"WW"
"4960_2022-07-06_calib";"V1801";"WD1"
"4960_2022-07-06_HD";"V1801";"WD1"
"4968_2022-07-06_calib";"V1801";"WD2"
"4968_2022-07-06_HD";"V1801";"WD2"
"5130_2022-07-06_calib";"V666";"WW"
"5130_2022-07-26_HD";"V666";"WW"
"5131_2022-07-06_calib";"V666";"WD1"
"5131_2022-07-26_HD";"V666";"WD1"
"5136_2022-07-06_calib";"V666";"WD2"
"5136_2022-07-26_HD";"V666";"WD2"
"5800_2022-07-05_HD";"V1304";"WW"
"5808_2022-07-05_HD";"V1304";"WD1"
"5805_2022-07-05_HD";"V1304";"WD2"
"6556_2022-07-12_HD";"V3366";"WW"
"6554_2022-07-12_HD";"V3366";"WD1"
"6557_2022-07-12_HD";"V3366";"WD2"
"4786_2022-06-20_HD";"V2282";"WW"
"4782_2022-06-20_HD";"V2282";"WD1"
"4787_2022-06-20_HD";"V2282";"WD2"
"4511_2022-07-12_HD";"V1307";"WW"
"4512_2022-07-12_HD";"V1307";"WD1"
"4516_2022-07-12_HD";"V1307";"WD2"
"6761_2022-07-05_HD";"V3617";"WW"
"6763_2022-07-05_HD";"V3617";"WD1"
"6766_2022-07-05_HD";"V3617";"WD2"
"5157_2022-06-14_HD";"V2745";"WW"
"5155_2022-06-14_HD";"V2745";"WD1"
"5156_2022-06-14_HD";"V2745";"WD2"
"4618_2022-07-05_HD";"V157";"WW"
"4615_2022-07-05_HD";"V157";"WD1"
"4610_2022-07-05_HD";"V157";"WD2"
"5128_2022-07-05_HD";"V3403";"WW"
"5126_2022-07-05_HD";"V3403";"WD1"
"5121_2022-07-05_HD";"V3403";"WD2"
"4775_2022-07-05_HD";"V2281";"WW"
"4772_2022-07-05_HD";"V2281";"WD1"
"4774_2022-07-05_HD";"V2281";"WD2"
"6249_2022-06-14_HD";"V2659";"WW"
"6241_2022-06-14_HD";"V2659";"WD1"
"6243_2022-06-14_HD";"V2659";"WD2"
"5649_2022-07-12_HD";"V744";"WW"
"5645_2022-07-12_HD";"V744";"WD1"
"5646_2022-07-12_HD";"V744";"WD2"
"6659_2022-07-07_HD";"V3480";"WW"
"6651_2022-07-07_HD";"V3480";"WD1"
"6657_2022-07-07_HD";"V3480";"WD2"
"4397_2022-07-07_HD";"V44";"WW"
"4395_2022-07-07_HD";"V44";"WD1"
"4391_2022-07-07_HD";"V44";"WD2"
"4331_2022-07-07_HD";"V537";"WW"
"4337_2022-07-07_HD";"V537";"WD1"
"4339_2022-07-07_HD";"V537";"WD2"
"4811_2022-07-12_HD";"V2316";"WW"
"4812_2022-07-12_HD";"V2316";"WD1"
"4819_2022-07-12_HD";"V2316";"WD2"
"6629_2022-07-07_HD";"V3456";"WW"
"6626_2022-07-07_HD";"V3456";"WD1"
"6620_2022-07-07_HD";"V3456";"WD2"
"5397_2022-07-12_HD";"V1909";"WW"
"5396_2022-07-12_HD";"V1909";"WD1"
"5392_2022-07-12_HD";"V1909";"WD2"
"4073_2022-07-07_HD";"V50";"WW"
"4075_2022-07-07_HD";"V50";"WD1"
"4079_2022-07-07_HD";"V50";"WD2"
"6091_2022-07-07_HD";"V2342";"WW"
"6095_2022-07-07_HD";"V2342";"WD1"
"6098_2022-07-07_HD";"V2342";"WD2"
"4408_2022-06-20_HD";"V86";"WW"
"4407_2022-06-20_HD";"V86";"WD1"
"4400_2022-06-20_HD";"V86";"WD2"
"4818_2022-07-12_HD";"V2316";"WW"
"4815_2022-07-12_HD";"V2316";"WD2"
"4394_2022-07-05_HD";"V44";"WW"
"4392_2022-07-05_HD";"V44";"WD1"
"4390_2022-07-05_HD";"V44";"WD2"
"5152_2022-06-20_HD";"V2745";"WW"
"5158_2022-06-20_HD";"V2745";"WD1"
"5154_2022-06-20_HD";"V2745";"WD2"
"4401_2022-06-20_HD";"V86";"WW"
"4404_2022-06-20_HD";"V86";"WD1"
"4406_2022-06-20_HD";"V86";"WD2"
"4961_2022-07-05_HD";"V1801";"WW"
"4962_2022-07-05_HD";"V1801";"WD1"
"4964_2022-07-05_HD";"V1801";"WD2"
"6533_2022-07-05_HD";"V3310";"WW"
"6534_2022-07-05_HD";"V3310";"WD1"
"6536_2022-07-05_HD";"V3310";"WD2"
"4781_2022-06-23_HD";"V2282";"WW"
"4783_2022-06-23_HD";"V2282";"WD1"
"4780_2022-06-23_HD";"V2282";"WD2"
"5804_2022-07-05_HD";"V1304";"WW"
"5809_2022-07-05_HD";"V1304";"WD1"
"5802_2022-07-05_HD";"V1304";"WD2"
"6768_2022-07-05_HD";"V3617";"WW"
"6762_2022-07-05_HD";"V3617";"WD1"
"6764_2022-07-05_HD";"V3617";"WD2"
"6550_2022-07-05_HD";"V3366";"WW"
"6558_2022-07-05_HD";"V3366";"WD1"
"6552_2022-07-05_HD";"V3366";"WD2"
"4771_2022-07-12_HD";"V2281";"WW"
"4779_2022-07-12_HD";"V2281";"WD1"
"4778_2022-07-12_HD";"V2281";"WD2"
"6628_2022-07-12_HD";"V3456";"WW"
"6624_2022-07-12_HD";"V3456";"WD1"
"6627_2022-07-12_HD";"V3456";"WD2"
"5132_2022-07-26_HD";"V666";"WW"
"5133_2022-07-26_HD";"V666";"WD1"
"5138_2022-07-26_HD";"V666";"WD2"
"5502_2022-06-20_HD";"V3412";"WW"
"5500_2022-06-20_HD";"V3412";"WD1"
"5509_2022-06-20_HD";"V3412";"WD2"
"4264_2022-07-12_HD";"V403";"WW"
"4267_2022-07-12_HD";"V403";"WD1"
"4263_2022-07-12_HD";"V403";"WD2"
"5640_2022-07-12_HD";"V744";"WW"
"5648_2022-07-12_HD";"V744";"WD1"
"5644_2022-07-12_HD";"V744";"WD2"
"4518_2022-07-12_HD";"V1307";"WW"
"4510_2022-07-12_HD";"V1307";"WD1"
"4517_2022-07-12_HD";"V1307";"WD2"
"6246_2022-06-20_HD";"V2659";"WW"
"6242_2022-06-20_HD";"V2659";"WD1"
"6247_2022-06-20_HD";"V2659";"WD2"
"6755_2022-06-30_HD";"V3602";"WW"
"6759_2022-06-30_HD";"V3602";"WD1"
"6757_2022-06-30_HD";"V3602";"WD2"
"5127_2022-07-12_HD";"V3403";"WW"
"5120_2022-07-12_HD";"V3403";"WD1"
"6099_2022-06-30_HD";"V2342";"WW"
"6090_2022-06-30_HD";"V2342";"WD1"
"6092_2022-06-30_HD";"V2342";"WD2"
"4436_2022-07-12_HD";"V252";"WW"
"4430_2022-07-12_HD";"V252";"WD1"
"4437_2022-07-12_HD";"V252";"WD2"
"4606_2022-07-06_HD";"V139";"WD1"
"4605_2022-07-06_HD";"V139";"WD2"
"4338_2022-06-30_HD";"V537";"WW"
"4333_2022-06-30_HD";"V537";"WD1"
"4334_2022-06-30_HD";"V537";"WD2"
"5670_2022-07-12_HD";"V789";"WW"
"5675_2022-07-12_HD";"V789";"WD1"
"5677_2022-07-12_HD";"V789";"WD2"
"4613_2022-07-12_HD";"V157";"WW"
"4614_2022-07-12_HD";"V157";"WD1"
"4616_2022-07-12_HD";"V157";"WD2"
"5393_2022-07-12_HD";"V1909";"WW"
"5390_2022-07-12_HD";"V1909";"WD1"
"5399_2022-07-12_HD";"V1909";"WD2"
"6655_2022-07-12_HD";"V3480";"WW"
"6650_2022-07-12_HD";"V3480";"WD1"
"6654_2022-07-12_HD";"V3480";"WD2"
"4070_2022-06-30_HD";"V50";"WW"
"4076_2022-06-30_HD";"V50";"WD1"
"4071_2022-06-30_HD";"V50";"WD2"
"6548_2022-07-12_HD";"V3316";"WW"
"6541_2022-07-12_HD";"V3316";"WD1"
"6544_2022-07-12_HD";"V3316";"WD2"
"5267_2022-07-26_HD";"V1258";"WW"
"5266_2022-07-26_HD";"V1258";"WD2"
"5587_2022-07-13_HD";"V601";"WW"
"5589_2022-07-13_HD";"V601";"WD1"
"5586_2022-07-13_HD";"V601";"WD2"
"4096_2022-07-13_HD";"V74";"WW"
"4090_2022-07-13_HD";"V74";"WD1"
"4099_2022-07-13_HD";"V74";"WD2"
"5853_2022-06-20_HD";"V1583";"WW"
"5857_2022-06-20_HD";"V1583";"WD1"
"5851_2022-06-20_HD";"V1583";"WD2"
"6399_2022-07-13_HD";"V3082";"WW"
"6396_2022-07-13_HD";"V3082";"WD1"
"6398_2022-07-13_HD";"V3082";"WD2"
"5025_2022-07-13_HD";"V3112";"WW"
"5024_2022-07-13_HD";"V3112";"WD1"
"5020_2022-07-13_HD";"V3112";"WD2"
"5591_2022-06-20_HD";"V657";"WW"
"5593_2022-06-20_HD";"V657";"WD1"
"5594_2022-06-20_HD";"V657";"WD2"
"4110_2022-07-13_HD";"V114";"WW"
"4111_2022-07-13_HD";"V114";"WD1"
"4117_2022-07-13_HD";"V114";"WD2"
"6342_2022-07-13_HD";"V2890";"WW"
"6343_2022-07-13_HD";"V2890";"WD1"
"6345_2022-07-13_HD";"V2890";"WD2"
"5897_2022-07-13_HD";"V1653";"WW"
"5892_2022-07-13_HD";"V1653";"WD1"
"5893_2022-07-13_HD";"V1653";"WD2"
"5261_2022-07-26_HD";"V1258";"WW"
"5262_2022-07-26_HD";"V1258";"WD1"
"5268_2022-07-26_HD";"V1258";"WD2"
"4496_2022-07-07_HD";"V308";"WW"
"4495_2022-07-07_HD";"V308";"WD1"
"4497_2022-07-07_HD";"V308";"WD2"
"5939_2022-06-20_HD";"V1673";"WW"
"5936_2022-06-20_HD";"V1673";"WD1"
"5933_2022-06-20_HD";"V1673";"WD2"
"6390_2022-07-07_HD";"V3082";"WW"
"6393_2022-07-07_HD";"V3082";"WD1"
"6395_2022-07-07_HD";"V3082";"WD2"
"4751_2022-07-07_HD";"V2136";"WW"
"4754_2022-07-07_HD";"V2136";"WD1"
"4755_2022-07-07_HD";"V2136";"WD2"
"6066_2022-07-07_HD";"V2317";"WW"
"6063_2022-07-07_HD";"V2317";"WD1"
"6064_2022-07-07_HD";"V2317";"WD2"
"4116_2022-07-07_HD";"V114";"WW"
"4115_2022-07-07_HD";"V114";"WD1"
"4113_2022-07-07_HD";"V114";"WD2"
"6437_2022-07-26_HD";"V3221";"WW"
"6434_2022-07-26_HD";"V3221";"WD1"
"6433_2022-07-26_HD";"V3221";"WD2"
"5599_2022-06-14_HD";"V657";"WW"
"5595_2022-06-14_HD";"V657";"WD1"
"5590_2022-06-14_HD";"V657";"WD2"
"5942_2022-07-07_HD";"V1695";"WW"
"5940_2022-07-07_HD";"V1695";"WD1"
"5947_2022-07-07_HD";"V1695";"WD2"
"5852_2022-07-05_HD";"V1583";"WW"
"5856_2022-07-05_HD";"V1583";"WD1"
"5859_2022-07-05_HD";"V1583";"WD2"
"6236_2022-07-12_HD";"V2657";"WW"
"6233_2022-07-12_HD";"V2657";"WD1"
"6235_2022-07-12_HD";"V2657";"WD2"
"4146_2022-07-18_HD";"V129";"WW"
"4144_2022-07-18_HD";"V129";"WD1"
"4141_2022-07-18_HD";"V129";"WD2"
"5023_2022-07-12_HD";"V3112";"WW"
"5021_2022-07-12_HD";"V3112";"WD1"
"5029_2022-07-12_HD";"V3112";"WD2"
"6319_2022-07-18_HD";"V2844";"WW"
"6314_2022-07-18_HD";"V2844";"WD1"
"6318_2022-07-18_HD";"V2844";"WD2"
"5613_2022-07-18_HD";"V727";"WW"
"5618_2022-07-18_HD";"V727";"WD1"
"5614_2022-07-18_HD";"V727";"WD2"
"5890_2022-07-18_HD";"V1653";"WW"
"5899_2022-07-18_HD";"V1653";"WD1"
"5895_2022-07-18_HD";"V1653";"WD2"
"4841_2022-07-19_HD";"V2373";"WW"
"4846_2022-07-19_HD";"V2373";"WD1"
"4847_2022-07-19_HD";"V2373";"WD2"
"5585_2022-07-18_HD";"V601";"WW"
"5580_2022-07-18_HD";"V601";"WD1"
"5584_2022-07-18_HD";"V601";"WD2"
"4153_2022-07-05_HD";"V154";"WW"
"4152_2022-07-05_HD";"V154";"WD1"
"4150_2022-07-05_HD";"V154";"WD2"
"5738_2022-07-18_HD";"V1218";"WW"
"5733_2022-07-18_HD";"V1218";"WD1"
"5737_2022-07-18_HD";"V1218";"WD2"
"5098_2022-07-19_HD";"V3364";"WW"
"5090_2022-07-19_HD";"V3364";"WD1"
"5091_2022-07-19_HD";"V3364";"WD2"
"4714_2022-07-18_HD";"V2070";"WW"
"4718_2022-07-18_HD";"V2070";"WD1"
"4711_2022-07-18_HD";"V2070";"WD2"
"4323_2022-07-18_HD";"V446";"WW"
"4322_2022-07-18_HD";"V446";"WD1"
"4327_2022-07-18_HD";"V446";"WD2"
"4424_2022-07-18_HD";"V226";"WW"
"4421_2022-07-18_HD";"V226";"WD1"
"4420_2022-07-18_HD";"V226";"WD2"
"4978_2022-06-27_HD";"V1805";"WW"
"4976_2022-06-27_HD";"V1805";"WD1"
"4973_2022-06-27_HD";"V1805";"WD2"
"4359_2022-07-11_HD";"V585";"WW"
"4353_2022-07-11_HD";"V585";"WD1"
"4355_2022-07-11_HD";"V585";"WD2"
"6051_2022-07-18_HD";"V2247";"WW"
"6050_2022-07-18_HD";"V2247";"WD1"
"4564_2022-06-27_HD";"V1620";"WW"
"4566_2022-06-27_HD";"V1620";"WD1"
"4563_2022-06-27_HD";"V1620";"WD2"
"5284_2022-07-18_HD";"V1338";"WW"
"5289_2022-07-18_HD";"V1338";"WD1"
"5280_2022-07-18_HD";"V1338";"WD2"
"6265_2022-06-30_HD";"V2683";"WW"
"6262_2022-06-30_HD";"V2683";"WD1"
"6261_2022-06-30_HD";"V2683";"WD2"
"6643_2022-07-18_HD";"V3471";"WW"
"6649_2022-07-18_HD";"V3471";"WD1"
"6646_2022-07-18_HD";"V3471";"WD2"
"4094_2022-07-18_HD";"V74";"WW"
"4091_2022-07-18_HD";"V74";"WD1"
"4097_2022-07-18_HD";"V74";"WD2"
"6015_2022-07-11_HD";"V2107";"WW"
"6014_2022-07-11_HD";"V2107";"WD1"
"6016_2022-07-11_HD";"V2107";"WD2"
"6527_2022-07-26_HD";"V3308";"WW"
"6522_2022-07-26_HD";"V3308";"WD1"
"6525_2022-07-26_HD";"V3308";"WD2"
"4457_2022-07-12_HD";"V332";"WW"
"4457_2022-07-12_HD";"V332";"WW"
"4455_2022-07-12_HD";"V332";"WD1"
"4459_2022-07-12_HD";"V332";"WD2"
"5069_2022-06-30_HD";"V3164";"WW"
"5063_2022-06-30_HD";"V3164";"WD1"
"5067_2022-06-30_HD";"V3164";"WD2"
"6340_2022-07-18_HD";"V2890";"WW"
"6348_2022-07-18_HD";"V2890";"WD1"
"6344_2022-07-18_HD";"V2890";"WD2"
"4281_2022-07-18_HD";"V413";"WW"
"4287_2022-07-18_HD";"V413";"WD1"
"4282_2022-07-18_HD";"V413";"WD2"
"4342_2022-07-11_HD";"V569";"WW"
"4347_2022-07-11_HD";"V569";"WD1"
"4349_2022-07-11_HD";"V569";"WD2"
"6238_2022-06-30_HD";"V2657";"WW"
"6237_2022-06-30_HD";"V2657";"WD1"
"6239_2022-06-30_HD";"V2657";"WD2"
"6012_2022-06-30_HD";"V2107";"WW"
"6011_2022-06-30_HD";"V2107";"WD1"
"6010_2022-06-30_HD";"V2107";"WD2"
"4716_2022-07-07_HD";"V2070";"WW"
"4715_2022-07-07_HD";"V2070";"WD1"
"4712_2022-07-07_HD";"V2070";"WD2"
"5935_2022-06-20_HD";"V1673";"WW"
"5932_2022-06-20_HD";"V1673";"WD1"
"5937_2022-06-20_HD";"V1673";"WD2"
"6430_2022-07-26_HD";"V3221";"WW"
"6436_2022-07-26_HD";"V3221";"WD1"
"6432_2022-07-26_HD";"V3221";"WD2"
"6316_2022-07-07_HD";"V2844";"WW"
"6310_2022-07-07_HD";"V2844";"WD1"
"6312_2022-07-07_HD";"V2844";"WD2"
"4155_2022-06-30_HD";"V154";"WW"
"4156_2022-06-30_HD";"V154";"WD1"
"4151_2022-06-30_HD";"V154";"WD2"
"4569_2022-06-30_HD";"V1620";"WW"
"4562_2022-06-30_HD";"V1620";"WD1"
"4565_2022-06-30_HD";"V1620";"WD2"
"6061_2022-07-07_HD";"V2317";"WW"
"6067_2022-07-07_HD";"V2317";"WD1"
"6062_2022-07-07_HD";"V2317";"WD2"
"4284_2022-07-07_HD";"V413";"WW"
"4283_2022-07-07_HD";"V413";"WD1"
"4288_2022-07-07_HD";"V413";"WD2"
"4458_2022-07-13_HD";"V332";"WW"
"4450_2022-07-13_HD";"V332";"WD1"
"4453_2022-07-13_HD";"V332";"WD2"
"4329_2022-07-13_HD";"V446";"WW"
"4328_2022-07-13_HD";"V446";"WD1"
"4320_2022-07-13_HD";"V446";"WD2"
"5731_2022-07-13_HD";"V1218";"WW"
"5735_2022-07-13_HD";"V1218";"WD1"
"5734_2022-07-13_HD";"V1218";"WD2"
"6640_2022-07-13_HD";"V3471";"WW"
"6647_2022-07-13_HD";"V3471";"WD1"
"6641_2022-07-13_HD";"V3471";"WD2"
"4843_2022-07-25_HD";"V2373";"WW"
"4849_2022-07-25_HD";"V2373";"WD1"
"4848_2022-07-25_HD";"V2373";"WD2"
"5092_2022-07-25_HD";"V3364";"WW"
"5099_2022-07-25_HD";"V3364";"WD1"
"5095_2022-07-25_HD";"V3364";"WD2"
"4759_2022-07-13_HD";"V2136";"WW"
"4752_2022-07-13_HD";"V2136";"WD1"
"4753_2022-07-13_HD";"V2136";"WD2"
"4425_2022-07-13_HD";"V226";"WW"
"4426_2022-07-13_HD";"V226";"WD1"
"4429_2022-07-13_HD";"V226";"WD2"
"4494_2022-07-13_HD";"V308";"WW"
"4492_2022-07-13_HD";"V308";"WD1"
"4499_2022-07-13_HD";"V308";"WD2"
"4351_2022-07-11_HD";"V585";"WW"
"4352_2022-07-11_HD";"V585";"WD1"
"4357_2022-07-11_HD";"V585";"WD2"
"5615_2022-07-18_HD";"V727";"WW"
"5619_2022-07-18_HD";"V727";"WD1"
"5616_2022-07-18_HD";"V727";"WD2"
"5285_2022-07-18_HD";"V1338";"WW"
"5287_2022-07-18_HD";"V1338";"WD1"
"5286_2022-07-18_HD";"V1338";"WD2"
"4143_2022-07-18_HD";"V129";"WW"
"4145_2022-07-18_HD";"V129";"WD1"
"4147_2022-07-18_HD";"V129";"WD2"
"6052_2022-07-18_HD";"V2247";"WW"
"6058_2022-07-18_HD";"V2247";"WD1"
"6053_2022-07-18_HD";"V2247";"WD2"
"4977_2022-06-28_HD";"V1805";"WW"
"4974_2022-06-28_HD";"V1805";"WD1"
"4979_2022-06-28_HD";"V1805";"WD2"
"5943_2022-07-18_HD";"V1695";"WW"
"5946_2022-07-18_HD";"V1695";"WD1"
"5949_2022-07-18_HD";"V1695";"WD2"
"5062_2022-06-30_HD";"V3164";"WW"
"5060_2022-06-30_HD";"V3164";"WD1"
"5068_2022-06-30_HD";"V3164";"WD2"
"4344_2022-07-11_HD";"V569";"WW"
"4345_2022-07-11_HD";"V569";"WD1"
"4346_2022-07-11_HD";"V569";"WD2"
"6523_2022-07-26_HD";"V3308";"WW"
"6529_2022-07-26_HD";"V3308";"WD1"
"6521_2022-07-26_HD";"V3308";"WD2"
"4872_2022-07-18_HD";"V2747";"WW"
"4871_2022-07-18_HD";"V2747";"WD1"
"4874_2022-07-18_HD";"V2747";"WD2"
"5001_2022-07-18_HD";"V3093";"WW"
"5002_2022-07-18_HD";"V3093";"WD1"
"5008_2022-07-18_HD";"V3093";"WD2"
"4048_2022-07-13_HD";"V26";"WW"
"5860_2022-07-18_HD";"V1631";"WW"
"5863_2022-07-18_HD";"V1631";"WD1"
"5865_2022-07-18_HD";"V1631";"WD2"
"6706_2022-07-18_HD";"V3521";"WW"
"6701_2022-07-18_HD";"V3521";"WD1"
"4290_2022-07-18_HD";"V424";"WW"
"4295_2022-07-18_HD";"V424";"WD1"
"4294_2022-07-18_HD";"V424";"WD2"
"6713_2022-07-26_calib";"V3551";"WW"
"6713_2022-07-18_HD";"V3551";"WW"
"6717_2022-07-26_calib";"V3551";"WD1"
"6717_2022-07-18_HD";"V3551";"WD1"
"6710_2022-07-26_calib";"V3551";"WD2"
"6710_2022-07-18_HD";"V3551";"WD2"
"5274_2022-07-18_HD";"V1301";"WW"
"5270_2022-07-18_HD";"V1301";"WD1"
"5279_2022-07-18_HD";"V1301";"WD2"
"5728_2022-07-18_HD";"V1217";"WW"
"5722_2022-07-18_HD";"V1217";"WD1"
"5721_2022-07-18_HD";"V1217";"WD2"
"4182_2022-07-26_calib";"V328";"WW"
"4182_2022-07-18_HD";"V328";"WW"
"4186_2022-07-26_calib";"V328";"WD1"
"4186_2022-07-18_HD";"V328";"WD1"
"4180_2022-07-26_calib";"V328";"WD2"
"4180_2022-07-18_HD";"V328";"WD2"
"4926_2022-07-19_HD";"V3090";"WW"
"4920_2022-07-19_HD";"V3090";"WD1"
"4923_2022-07-19_HD";"V3090";"WD2"
"6805_2022-07-26_calib";"V3746";"WW"
"6805_2022-07-19_HD";"V3746";"WW"
"6804_2022-07-26_calib";"V3746";"WD1"
"6804_2022-07-19_HD";"V3746";"WD1"
"6800_2022-07-26_calib";"V3746";"WD2"
"6800_2022-07-19_HD";"V3746";"WD2"
"6567_2022-07-26_calib";"V3379";"WW"
"6567_2022-07-19_HD";"V3379";"WW"
"6563_2022-07-26_calib";"V3379";"WD1"
"6563_2022-07-19_HD";"V3379";"WD1"
"6564_2022-07-26_calib";"V3379";"WD2"
"6564_2022-07-19_HD";"V3379";"WD2"
"4903_2022-07-19_HD";"V2968";"WW"
"4901_2022-07-19_HD";"V2968";"WD1"
"4904_2022-07-19_HD";"V2968";"WD2"
"5012_2022-07-26_calib";"V3099";"WW"
"5012_2022-07-19_HD";"V3099";"WW"
"5012_2022-07-26_HD";"V3099";"WW"
"5018_2022-07-26_calib";"V3099";"WD1"
"5018_2022-07-19_HD";"V3099";"WD1"
"5018_2022-07-26_HD";"V3099";"WD1"
"5010_2022-07-26_calib";"V3099";"WD2"
"5010_2022-07-19_HD";"V3099";"WD2"
"5010_2022-07-26_HD";"V3099";"WD2"
"5230_2022-07-19_HD";"V1232";"WW"
"5231_2022-07-19_HD";"V1232";"WD1"
"5236_2022-07-19_HD";"V1232";"WD2"
"4533_2022-07-13_HD";"V1354";"WW"
"4530_2022-07-13_HD";"V1354";"WD1"
"4536_2022-07-13_HD";"V1354";"WD2"
"6172_2022-07-19_HD";"V2543";"WW"
"6177_2022-07-19_HD";"V2543";"WD1"
"6170_2022-07-19_HD";"V2543";"WD2"
"7285_2022-07-13_HD";"V2903";"WW"
"6351_2022-07-13_HD";"V2903";"WD1"
"6352_2022-07-13_HD";"V2903";"WD2"
"6744_2022-07-26_calib";"V3591";"WW"
"6744_2022-07-19_HD";"V3591";"WW"
"6740_2022-07-26_calib";"V3591";"WD1"
"6740_2022-07-19_HD";"V3591";"WD1"
"6745_2022-07-26_calib";"V3591";"WD2"
"6745_2022-07-19_HD";"V3591";"WD2"
"4700_2022-07-06_calib";"V2057";"WW"
"4700_2022-07-06_HD";"V2057";"WW"
"4703_2022-07-06_calib";"V2057";"WD1"
"4703_2022-07-06_HD";"V2057";"WD1"
"4707_2022-07-06_calib";"V2057";"WD2"
"4707_2022-07-06_HD";"V2057";"WD2"
"5842_2022-07-06_calib";"V1576";"WW"
"5842_2022-07-26_calib";"V1576";"WW"
"5842_2022-07-21_HD";"V1576";"WW"
"5843_2022-07-06_calib";"V1576";"WD1"
"5843_2022-07-26_calib";"V1576";"WD1"
"5843_2022-07-21_HD";"V1576";"WD1"
"5846_2022-07-06_calib";"V1576";"WD2"
"5846_2022-07-26_calib";"V1576";"WD2"
"5846_2022-07-21_HD";"V1576";"WD2"
"4246_2022-07-06_calib";"V380";"WW"
"4246_2022-07-21_HD";"V380";"WW"
"4241_2022-07-06_calib";"V380";"WD1"
"4241_2022-07-21_HD";"V380";"WD1"
"4243_2022-07-06_calib";"V380";"WD2"
"4243_2022-07-21_HD";"V380";"WD2"
"5513_2022-07-06_calib";"V3427";"WW"
"5513_2022-07-06_HD";"V3427";"WW"
"5517_2022-07-06_calib";"V3427";"WD1"
"5517_2022-07-06_HD";"V3427";"WD1"
"5510_2022-07-06_calib";"V3427";"WD2"
"5510_2022-07-06_HD";"V3427";"WD2"
"6138_2022-07-06_HD";"V2472";"WW"
"6131_2022-07-06_HD";"V2472";"WD1"
"6137_2022-07-06_HD";"V2472";"WD2"
"6445_2022-07-06_calib";"V3224";"WW"
"6445_2022-07-21_HD";"V3224";"WW"
"6446_2022-07-06_calib";"V3224";"WD1"
"6446_2022-07-21_HD";"V3224";"WD1"
"6441.1_2022-07-06_calib";"V3224";"WD2"
"6441.1_2022-07-21_HD";"V3224";"WD2"
"6142_2022-07-06_calib";"V2500";"WW"
"6142_2022-07-06_HD";"V2500";"WW"
"6144_2022-07-06_calib";"V2500";"WD1"
"6144_2022-07-06_HD";"V2500";"WD1"
"6148_2022-07-06_calib";"V2500";"WD2"
"6148_2022-07-06_HD";"V2500";"WD2"
"6608_2022-07-21_HD";"V3448";"WW"
"6603_2022-07-21_HD";"V3448";"WD1"
"6607_2022-07-21_HD";"V3448";"WD2"
"6214_2022-07-21_HD";"V2635";"WW"
"6216_2022-07-21_HD";"V2635";"WD1"
"6211_2022-07-21_HD";"V2635";"WD2"
"5257_2022-07-06_calib";"V1245";"WW"
"5257_2022-07-06_HD";"V1245";"WW"
"5253_2022-07-06_calib";"V1245";"WD1"
"5253_2022-07-06_HD";"V1245";"WD1"
"5251_2022-07-06_calib";"V1245";"WD2"
"5251_2022-07-06_HD";"V1245";"WD2"
"4279_2022-07-19_HD";"V411";"WW"
"4272_2022-07-19_HD";"V411";"WD1"
"4270_2022-07-19_HD";"V411";"WD2"
"4312_2022-07-26_calib";"V443";"WW"
"4312_2022-07-19_HD";"V443";"WW"
"4311_2022-07-26_calib";"V443";"WD1"
"4311_2022-07-19_HD";"V443";"WD1"
"4313_2022-07-26_calib";"V443";"WD2"
"4313_2022-07-19_HD";"V443";"WD2"
"4642_2022-07-19_HD";"V219";"WW"
"4640_2022-07-19_HD";"V219";"WD1"
"4649_2022-07-19_HD";"V219";"WD2"
"4626_2022-07-26_calib";"V176";"WW"
"4626_2022-07-19_HD";"V176";"WW"
"4625_2022-07-26_calib";"V176";"WD1"
"4625_2022-07-19_HD";"V176";"WD1"
"4628_2022-07-26_calib";"V176";"WD2"
"4628_2022-07-19_HD";"V176";"WD2"
"5364_2022-07-19_HD";"V1827";"WW"
"5361_2022-07-19_HD";"V1827";"WD1"
"5360_2022-07-19_HD";"V1827";"WD2"
"5346_2022-07-07_HD";"V1784";"WW"
"5341_2022-07-07_HD";"V1784";"WD1"
"4101_2022-07-07_HD";"V80";"WW"
"4102_2022-07-07_HD";"V80";"WD1"
"4108_2022-07-07_HD";"V80";"WD2"
"4017_2022-07-19_HD";"V9";"WW"
"4018_2022-07-19_HD";"V9";"WD1"
"4013_2022-07-19_HD";"V9";"WD2"
"6190_2022-07-19_HD";"V2621";"WD1"
"6191_2022-07-19_HD";"V2621";"WD2"
"5571_2022-07-07_HD";"V227";"WW"
"5574_2022-07-07_HD";"V227";"WD1"
"5570_2022-07-07_HD";"V227";"WD2"
"5347_2022-07-07_HD";"V1784";"WW"
"5343_2022-07-07_HD";"V1784";"WD1"
"5345_2022-07-07_HD";"V1784";"WD2"
"6707_2022-07-21_calib";"V3521";"WW"
"6707_2022-07-21_HD";"V3521";"WW"
"6702_2022-07-21_calib";"V3521";"WD1"
"6702_2022-07-21_HD";"V3521";"WD1"
"6568_2022-07-21_calib";"V3379";"WW"
"6568_2022-07-21_HD";"V3379";"WW"
"6566_2022-07-21_calib";"V3379";"WD1"
"6566_2022-07-21_HD";"V3379";"WD1"
"6565_2022-07-21_calib";"V3379";"WD2"
"6565_2022-07-21_HD";"V3379";"WD2"
"4010_2022-07-21_calib";"V9";"WW"
"4010_2022-07-21_HD";"V9";"WW"
"4011_2022-07-21_calib";"V9";"WD1"
"4011_2022-07-21_HD";"V9";"WD1"
"4014_2022-07-21_calib";"V9";"WD2"
"4014_2022-07-21_HD";"V9";"WD2"
"6143_2022-07-07_HD";"V2500";"WW"
"6145_2022-07-07_HD";"V2500";"WD1"
"6146_2022-07-07_HD";"V2500";"WD2"
"4928_2022-07-21_calib";"V3090";"WW"
"4928_2022-07-21_HD";"V3090";"WW"
"4922_2022-07-21_calib";"V3090";"WD1"
"4922_2022-07-21_HD";"V3090";"WD1"
"4924_2022-07-21_calib";"V3090";"WD2"
"4924_2022-07-21_HD";"V3090";"WD2"
"4247_2022-07-21_calib";"V380";"WW"
"4247_2022-07-21_HD";"V380";"WW"
"4240_2022-07-21_calib";"V380";"WD1"
"4240_2022-07-21_HD";"V380";"WD1"
"4244_2022-07-21_calib";"V380";"WD2"
"4244_2022-07-21_HD";"V380";"WD2"
"6197_2022-07-21_calib";"V2621";"WW"
"6197_2022-07-21_HD";"V2621";"WW"
"6193_2022-07-21_calib";"V2621";"WD1"
"6193_2022-07-21_HD";"V2621";"WD1"
"6195_2022-07-21_calib";"V2621";"WD2"
"6195_2022-07-21_HD";"V2621";"WD2"
"6807_2022-07-21_calib";"V3746";"WW"
"6807_2022-07-21_HD";"V3746";"WW"
"6803_2022-07-21_calib";"V3746";"WD1"
"6803_2022-07-21_HD";"V3746";"WD1"
"6801_2022-07-21_calib";"V3746";"WD2"
"6801_2022-07-21_HD";"V3746";"WD2"
"5841_2022-07-21_calib";"V1576";"WW"
"5841_2022-07-21_HD";"V1576";"WW"
"5845_2022-07-21_calib";"V1576";"WD1"
"5845_2022-07-21_HD";"V1576";"WD1"
"5848_2022-07-21_calib";"V1576";"WD2"
"5848_2022-07-21_HD";"V1576";"WD2"
"4104_2022-07-13_HD";"V80";"WW"
"4100_2022-07-13_HD";"V80";"WD1"
"4107_2022-07-13_HD";"V80";"WD2"
"6714_2022-07-21_calib";"V3551";"WW"
"6714_2022-07-21_HD";"V3551";"WW"
"6719_2022-07-21_calib";"V3551";"WD1"
"6719_2022-07-21_HD";"V3551";"WD1"
"6712_2022-07-21_calib";"V3551";"WD2"
"6712_2022-07-21_HD";"V3551";"WD2"
"5366_2022-07-21_HD";"V1827";"WW"
"5362_2022-07-21_HD";"V1827";"WD1"
"5363_2022-07-21_HD";"V1827";"WD2"
"5014_2022-07-26_HD";"V3099";"WW"
"5013_2022-07-26_HD";"V3099";"WD1"
"5011_2022-07-26_HD";"V3099";"WD2"
"5577_2022-07-07_HD";"V227";"WW"
"5578_2022-07-07_HD";"V227";"WD1"
"5572_2022-07-07_HD";"V227";"WD2"
"5861_2022-07-13_HD";"V1631";"WW"
"5868_2022-07-13_HD";"V1631";"WD1"
"5867_2022-07-13_HD";"V1631";"WD2"
"4627_2022-07-21_HD";"V176";"WW"
"4623_2022-07-21_HD";"V176";"WD1"
"4629_2022-07-21_HD";"V176";"WD2"
"4535_2022-07-13_HD";"V1354";"WW"
"4531_2022-07-13_HD";"V1354";"WD1"
"4532_2022-07-13_HD";"V1354";"WD2"
"4292_2022-07-21_HD";"V424";"WW"
"4291_2022-07-21_HD";"V424";"WD1"
"4293_2022-07-21_HD";"V424";"WD2"
"6217_2022-07-21_HD";"V2635";"WW"
"6210_2022-07-21_HD";"V2635";"WD1"
"6212_2022-07-21_HD";"V2635";"WD2"
"5003_2022-07-22_HD";"V3093";"WW"
"5000_2022-07-22_HD";"V3093";"WD1"
"5007_2022-07-22_HD";"V3093";"WD2"
"5271_2022-07-21_calib";"V1301";"WW"
"5271_2022-07-21_HD";"V1301";"WW"
"5277_2022-07-21_calib";"V1301";"WD1"
"5277_2022-07-21_HD";"V1301";"WD1"
"5272_2022-07-21_calib";"V1301";"WD2"
"5272_2022-07-21_HD";"V1301";"WD2"
"4645_2022-07-22_HD";"V219";"WW"
"4641_2022-07-22_HD";"V219";"WD1"
"4643_2022-07-22_HD";"V219";"WD2"
"5514_2022-06-30_HD";"V3427";"WW"
"5518_2022-06-30_HD";"V3427";"WD1"
"5512_2022-06-30_HD";"V3427";"WD2"
"6132_2022-06-30_HD";"V2472";"WW"
"6136_2022-06-30_HD";"V2472";"WD1"
"6130_2022-06-30_HD";"V2472";"WD2"
"5258_2022-06-30_HD";"V1245";"WW"
"5250_2022-06-30_HD";"V1245";"WD1"
"5252_2022-06-30_HD";"V1245";"WD2"
"4702_2022-07-13_HD";"V2057";"WW"
"4704_2022-07-13_HD";"V2057";"WD1"
"4709_2022-07-13_HD";"V2057";"WD2"
"6747_2022-07-22_HD";"V3591";"WW"
"6742_2022-07-22_HD";"V3591";"WD1"
"6743_2022-07-22_HD";"V3591";"WD2"
"4906_2022-07-22_HD";"V2968";"WW"
"4902_2022-07-22_HD";"V2968";"WD1"
"6602_2022-07-22_HD";"V3448";"WW"
"6604_2022-07-22_HD";"V3448";"WD1"
"6606_2022-07-22_HD";"V3448";"WD2"
"5234_2022-07-22_HD";"V1232";"WW"
"5235_2022-07-22_HD";"V1232";"WD1"
"5232_2022-07-22_HD";"V1232";"WD2"
"4183_2022-07-22_HD";"V328";"WW"
"4187_2022-07-22_HD";"V328";"WD1"
"4181_2022-07-22_HD";"V328";"WD2"
"6176_2022-07-22_HD";"V2543";"WW"
"6173_2022-07-22_HD";"V2543";"WD1"
"6171_2022-07-22_HD";"V2543";"WD2"
"6443_2022-07-22_HD";"V3224";"WW"
"6440_2022-07-22_HD";"V3224";"WD1"
"6441.2_2022-07-22_HD";"V3224";"WD2"
"4873_2022-07-22_HD";"V2747";"WW"
"4879_2022-07-22_HD";"V2747";"WD1"
"4875_2022-07-22_HD";"V2747";"WD2"
"4315_2022-07-22_HD";"V443";"WW"
"4310_2022-07-22_HD";"V443";"WD1"
"4316_2022-07-22_HD";"V443";"WD2"
"5729_2022-07-22_HD";"V1217";"WW"
"5724_2022-07-22_HD";"V1217";"WD1"
"5726_2022-07-22_HD";"V1217";"WD2"
"7286_2022-07-13_HD";"V2903";"WW"
"6350_2022-07-13_HD";"V2903";"WD1"
"6355_2022-07-13_HD";"V2903";"WD2"
"4275_2022-07-22_HD";"V411";"WW"
"4273_2022-07-22_HD";"V411";"WD1"
"4277_2022-07-22_HD";"V411";"WD2"
"4044_2022-07-13_HD";"V26";"WW"
"4041_2022-07-13_HD";"V26";"WD1"
"4047_2022-07-13_HD";"V26";"WD2"
"5427_2022-07-25_HD";"V2953";"WW"
"5421_2022-07-25_HD";"V2953";"WD1"
"5424_2022-07-25_HD";"V2953";"WD2"
"6737_2022-07-25_HD";"V3575";"WW"
"6731_2022-07-25_HD";"V3575";"WD1"
"6733_2022-07-25_HD";"V3575";"WD2"
"5560_2022-07-25_HD";"V167";"WW"
"5562_2022-07-25_HD";"V167";"WD1"
"5568_2022-07-25_HD";"V167";"WD2"
"5460_2022-07-25_HD";"V3341";"WW"
"5462_2022-07-25_HD";"V3341";"WD1"
"5464_2022-07-25_HD";"V3341";"WD2"
"5887_2022-07-25_HD";"V1648";"WW"
"5886_2022-07-25_HD";"V1648";"WD1"
"5882_2022-07-25_HD";"V1648";"WD2"
"7805_2022-07-13_HD";"V6859";"WW"
"7808_2022-07-13_HD";"V6859";"WD1"
"7811_2022-07-13_HD";"V6859";"WD2"
"5905_2022-07-13_HD";"V1654";"WW"
"5908_2022-07-13_HD";"V1654";"WD1"
"5900_2022-07-13_HD";"V1654";"WD2"
"4028_2022-07-25_HD";"V11";"WW"
"4027_2022-07-25_HD";"V11";"WD1"
"4026_2022-07-25_HD";"V11";"WD2"
"4086_2022-07-25_HD";"V53";"WW"
"4081_2022-07-25_HD";"V53";"WD1"
"4083_2022-07-25_HD";"V53";"WD2"
"6486_2022-07-13_HD";"V3264";"WW"
"6482_2022-07-13_HD";"V3264";"WD1"
"6484_2022-07-13_HD";"V3264";"WD2"
"5045_2022-07-25_HD";"V3151";"WW"
"5041_2022-07-25_HD";"V3151";"WD1"
"5043_2022-07-25_HD";"V3151";"WD2"
"5215_2022-07-25_HD";"V1844";"WW"
"5211_2022-07-25_HD";"V1844";"WD1"
"5213_2022-07-25_HD";"V1844";"WD2"
"4257_2022-07-25_HD";"V390";"WW"
"4252_2022-07-25_HD";"V390";"WD1"
"4254_2022-07-25_HD";"V390";"WD2"
"6276_2022-07-25_HD";"V2694";"WW"
"6271_2022-07-25_HD";"V2694";"WD1"
"6273_2022-07-25_HD";"V2694";"WD2"
"5786_2022-07-25_HD";"V1284";"WW"
"5781_2022-07-25_HD";"V1284";"WD1"
"5782_2022-07-25_HD";"V1284";"WD2"
"4375_2022-07-25_HD";"V632";"WW"
"4371_2022-07-25_HD";"V632";"WD1"
"4373_2022-07-25_HD";"V632";"WD2"
"6577_2022-07-25_HD";"V3420";"WW"
"6571_2022-07-25_HD";"V3420";"WD1"
"6574_2022-07-25_HD";"V3420";"WD2"
"4887_2022-07-25_HD";"V2892";"WW"
"4882_2022-07-25_HD";"V2892";"WD1"
"4885_2022-07-25_HD";"V2892";"WD2"
"5337_2022-07-25_HD";"V1629";"WW"
"5331_2022-07-25_HD";"V1629";"WD1"
"5335_2022-07-25_HD";"V1629";"WD2"
"5795_2022-07-25_HD";"V1287";"WW"
"5791_2022-07-25_HD";"V1287";"WD1"
"5793_2022-07-25_HD";"V1287";"WD2"
"4636_2022-07-13_HD";"V211";"WW"
"4631_2022-07-13_HD";"V211";"WD1"
"4633_2022-07-13_HD";"V211";"WD2"
"5206_2022-07-25_HD";"V1814";"WW"
"5201_2022-07-25_HD";"V1814";"WD1"
"5202_2022-07-25_HD";"V1814";"WD2"
"5477_2022-07-25_HD";"V3346";"WW"
"5471_2022-07-25_HD";"V3346";"WD1"
"5474_2022-07-25_HD";"V3346";"WD2"
"5075_2022-07-25_HD";"V3184";"WW"
"5071_2022-07-25_HD";"V3184";"WD1"
"5073_2022-07-25_HD";"V3184";"WD2"
"6048_2022-07-25_HD";"V2243";"WW"
"6042_2022-07-25_HD";"V2243";"WD1"
"6045_2022-07-25_HD";"V2243";"WD2"
"4387_2022-07-25_HD";"V672";"WW"
"4382_2022-07-25_HD";"V672";"WD1"
"4385_2022-07-25_HD";"V672";"WD2"
"6126_2022-07-25_HD";"V2471";"WW"
"6121_2022-07-25_HD";"V2471";"WD1"
"6124_2022-07-25_HD";"V2471";"WD2"
"4866_2022-07-25_HD";"V2655";"WW"
"4861_2022-07-25_HD";"V2655";"WD1"
"4864_2022-07-25_HD";"V2655";"WD2"
"6406_2022-07-25_HD";"V3167";"WW"
"6401_2022-07-25_HD";"V3167";"WD1"
"6404_2022-07-25_HD";"V3167";"WD2"
"7813_2022-07-11_HD";"V6859";"WW"
"7804_2022-07-11_HD";"V6859";"WD1"
"5426_2022-07-26_HD";"V2953";"WW"
"5429_2022-07-26_HD";"V2953";"WD1"
"5422_2022-07-26_HD";"V2953";"WD2"
"5569_2022-07-22_HD";"V167";"WW"
"5561_2022-07-22_HD";"V167";"WD1"
"5564_2022-07-22_HD";"V167";"WD2"
"4020_2022-07-26_HD";"V11";"WW"
"4023_2022-07-26_HD";"V11";"WD1"
"4025_2022-07-26_HD";"V11";"WD2"
"5901_2022-07-13_HD";"V1654";"WW"
"5904_2022-07-13_HD";"V1654";"WD1"
"5903_2022-07-13_HD";"V1654";"WD2"
"5883_2022-07-22_HD";"V1648";"WW"
"5885_2022-07-22_HD";"V1648";"WD1"
"5880_2022-07-22_HD";"V1648";"WD2"
"5465_2022-07-22_HD";"V3341";"WW"
"5466_2022-07-22_HD";"V3341";"WD1"
"5463_2022-07-22_HD";"V3341";"WD2"
"6735_2022-07-22_HD";"V3575";"WW"
"6730_2022-07-22_HD";"V3575";"WD1"
"6732_2022-07-22_HD";"V3575";"WD2"
"4386_2022-07-22_HD";"V672";"WW"
"4380_2022-07-22_HD";"V672";"WD1"
"4384_2022-07-22_HD";"V672";"WD2"
"4085_2022-07-19_HD";"V53";"WW"
"4080_2022-07-19_HD";"V53";"WD1"
"4082_2022-07-19_HD";"V53";"WD2"
"4374_2022-07-19_HD";"V632";"WW"
"4370_2022-07-19_HD";"V632";"WD1"
"4372_2022-07-19_HD";"V632";"WD2"
"5794_2022-07-19_HD";"V1287";"WW"
"5790_2022-07-19_HD";"V1287";"WD1"
"5792_2022-07-19_HD";"V1287";"WD2"
"5044_2022-07-19_HD";"V3151";"WW"
"5040_2022-07-19_HD";"V3151";"WD1"
"5042_2022-07-19_HD";"V3151";"WD2"
"5074_2022-07-19_HD";"V3184";"WW"
"5070_2022-07-19_HD";"V3184";"WD1"
"5072_2022-07-19_HD";"V3184";"WD2"
"4256_2022-07-19_HD";"V390";"WW"
"4250_2022-07-19_HD";"V390";"WD1"
"4253_2022-07-19_HD";"V390";"WD2"
"4634_2022-07-13_HD";"V211";"WW"
"4630_2022-07-13_HD";"V211";"WD1"
"4632_2022-07-13_HD";"V211";"WD2"
"5336_2022-07-19_HD";"V1629";"WW"
"5330_2022-07-19_HD";"V1629";"WD1"
"5334_2022-07-19_HD";"V1629";"WD2"
"4886_2022-07-19_HD";"V2892";"WW"
"4881_2022-07-19_HD";"V2892";"WD1"
"4884_2022-07-19_HD";"V2892";"WD2"
"6125_2022-07-19_HD";"V2471";"WW"
"6120_2022-07-19_HD";"V2471";"WD1"
"6123_2022-07-19_HD";"V2471";"WD2"
"6485_2022-07-13_HD";"V3264";"WW"
"6480_2022-07-13_HD";"V3264";"WD1"
"6483_2022-07-13_HD";"V3264";"WD2"
"6405_2022-07-22_HD";"V3167";"WW"
"6400_2022-07-22_HD";"V3167";"WD1"
"6403_2022-07-22_HD";"V3167";"WD2"
"5785_2022-07-22_HD";"V1284";"WW"
"5780_2022-07-22_HD";"V1284";"WD1"
"5783_2022-07-22_HD";"V1284";"WD2"
"5214_2022-07-22_HD";"V1844";"WW"
"5210_2022-07-22_HD";"V1844";"WD1"
"5212_2022-07-22_HD";"V1844";"WD2"
"6046_2022-07-22_HD";"V2243";"WW"
"6041_2022-07-22_HD";"V2243";"WD1"
"6044_2022-07-22_HD";"V2243";"WD2"
"5204_2022-07-22_HD";"V1814";"WW"
"5200_2022-07-22_HD";"V1814";"WD1"
"5203_2022-07-22_HD";"V1814";"WD2"
"4865_2022-07-22_HD";"V2655";"WW"
"4860_2022-07-22_HD";"V2655";"WD1"
"4863_2022-07-22_HD";"V2655";"WD2"
"6575_2022-07-22_HD";"V3420";"WW"
"6570_2022-07-22_HD";"V3420";"WD1"
"6572_2022-07-22_HD";"V3420";"WD2"
"6275_2022-07-22_HD";"V2694";"WW"
"6270_2022-07-22_HD";"V2694";"WD1"
"6272_2022-07-22_HD";"V2694";"WD2"
"5476_2022-07-22_HD";"V3346";"WW"
"5470_2022-07-22_HD";"V3346";"WD1"
"5473_2022-07-22_HD";"V3346";"WD2"
